<?xml version="1.0" encoding="UTF-8"?>
<ti:module xmlns:ti="http://ti.appcelerator.org" xmlns:android="http://schemas.android.com/apk/res/android">
	<!--
		Similar to tiapp.xml, but contains module/platform specific
		configuration in <iphone>, <android>, and <mobileweb> sections
	-->
	<iphone>
	</iphone>
	<android xmlns:android="http://schemas.android.com/apk/res/android">
		<manifest>
			<uses-permission android:name="android.permission.INTERNET" />
		    <uses-permission android:name="android.permission.ACCESS_COARSE_LOCATION" />
		    <uses-permission android:name="android.permission.ACCESS_FINE_LOCATION" />
		    <uses-permission android:name="android.permission.ACCESS_NETWORK_STATE" />
		    <uses-permission android:name="android.permission.ACCESS_WIFI_STATE" />
		    <uses-permission android:name="android.permission.ACCESS_GPS" />
		    <uses-permission android:name="android.permission.CAMERA" />
		    <uses-permission android:name="android.permission.INTERNET" />
		    <uses-permission android:name="android.permission.WRITE_EXTERNAL_STORAGE" />
			<uses-feature android:name="android.hardware.camera" android:required="true" />
			<uses-feature android:name="android.hardware.location" android:required="true" />
			<uses-feature android:name="android.hardware.sensor.accelerometer" android:required="true" />
			<uses-feature android:name="android.hardware.sensor.compass" android:required="true" />
		    <uses-feature android:glEsVersion="0x00020000" android:required="true" />
		</manifest>
	</android>
	<mobileweb>
	</mobileweb>
</ti:module>
